Incident ID,Title,Priority,Status,Date,Resolution Time (days),Team,Assignee,Location,Issue Type,Resolution,Closure Code Category,Closure Notes,Impacted Service Name
INC0001,Email not working,High,Closed,2024-06-01,2,IT Support,John Doe,New York,Software,Restarted mail server,Resolved,Issue fixed,Mail Server
INC0002,Printer jam,Medium,Closed,2024-06-02,1,Facilities,Jane Smith,London,Hardware,Removed paper jam,Resolved,Paper removed,Printer A
INC0003,Network outage,High,Closed,2024-06-03,3,Network,Sam Lee,Sydney,Network,Replaced faulty switch,Resolved,Switch replaced,Core Switch
INC0004,Application crash,Medium,Closed,2024-06-04,2,Development,Anna Kim,Berlin,Software,Patched application,Resolved,Patch applied,App Server
INC0005,Slow internet,Low,Closed,2024-06-05,1,Network,Tom Clark,Paris,Network,Reset router,Resolved,Router reset,Router 1
INC0006,Monitor flickering,Low,Closed,2024-06-06,1,IT Support,Emily Davis,Tokyo,Hardware,Replaced monitor,Resolved,Monitor replaced,Monitor B
INC0007,Password reset,Low,Closed,2024-06-07,0,IT Support,Chris Brown,New York,Account,Reset password,Resolved,Password changed,User Account
INC0008,Software installation,Medium,Closed,2024-06-08,1,IT Support,Patricia Miller,London,Software,Installed requested software,Resolved,Software installed,MS Office
INC0009,VPN issue,High,Closed,2024-06-09,2,Network,Michael Wilson,Sydney,Network,Updated VPN client,Resolved,Client updated,VPN Gateway
INC0010,Phone not working,Medium,Closed,2024-06-10,1,Facilities,Jessica Taylor,Berlin,Hardware,Replaced phone cable,Resolved,Cable replaced,Phone System
INC0011,Access denied,High,Closed,2024-06-11,1,IT Support,David Anderson,Paris,Account,Granted access,Resolved,Access granted,File Server
INC0012,Blue screen error,High,Closed,2024-06-12,2,IT Support,Laura Thomas,Tokyo,Hardware,Replaced RAM,Resolved,RAM replaced,Desktop PC
INC0013,Projector not working,Medium,Closed,2024-06-13,1,Facilities,Daniel Martinez,New York,Hardware,Replaced bulb,Resolved,Bulb replaced,Projector X
INC0014,Antivirus update,Low,Closed,2024-06-14,0,IT Support,Sarah Robinson,London,Software,Updated antivirus,Resolved,Antivirus updated,Antivirus Server
INC0015,File recovery,High,Closed,2024-06-15,3,IT Support,Matthew Clark,Sydney,Data,Restored backup,Resolved,Backup restored,Backup Server
INC0016,Mouse not working,Low,Closed,2024-06-16,0,IT Support,Amanda Lewis,Berlin,Hardware,Replaced mouse,Resolved,Mouse replaced,Mouse C
INC0017,Account locked,Medium,Closed,2024-06-17,1,IT Support,Joshua Walker,Paris,Account,Unlocked account,Resolved,Account unlocked,User Account
INC0018,WiFi issue,Medium,Closed,2024-06-18,1,Network,Olivia Hall,Tokyo,Network,Reset WiFi access point,Resolved,Access point reset,WiFi AP
INC0019,Software crash,High,Closed,2024-06-19,2,Development,James Allen,New York,Software,Reinstalled software,Resolved,Software reinstalled,App Server
INC0020,Keyboard not working,Low,Closed,2024-06-20,0,IT Support,Grace Young,London,Hardware,Replaced keyboard,Resolved,Keyboard replaced,Keyboard D
INC0021,Server down,High,Closed,2024-06-21,4,IT Support,Andrew King,Sydney,Hardware,Rebooted server,Resolved,Server rebooted,Web Server
INC0022,Screen resolution issue,Low,Closed,2024-06-22,1,IT Support,Victoria Wright,Berlin,Software,Updated drivers,Resolved,Drivers updated,Desktop PC
INC0023,USB port not working,Medium,Closed,2024-06-23,1,IT Support,Kevin Lopez,Paris,Hardware,Replaced USB port,Resolved,Port replaced,Laptop E
INC0024,Data sync error,High,Closed,2024-06-24,2,Development,Elizabeth Hill,Tokyo,Software,Fixed sync script,Resolved,Script fixed,Sync Server
INC0025,Power outage,High,Closed,2024-06-25,5,Facilities,Anthony Scott,New York,Facilities,Restored power,Resolved,Power restored,Office Building
INC0026,Mobile app issue,Medium,Closed,2024-06-26,2,Development,Barbara Green,London,Software,Updated app,Resolved,App updated,Mobile App
INC0027,Firewall alert,High,Closed,2024-06-27,1,Network,Steven Adams,Sydney,Security,Checked logs,Resolved,No threat found,Firewall
INC0028,License expired,Medium,Closed,2024-06-28,1,IT Support,Jennifer Nelson,Berlin,Software,Renewed license,Resolved,License renewed,MS Office
INC0029,Audio not working,Low,Closed,2024-06-29,1,IT Support,Paul Carter,Paris,Hardware,Reinstalled drivers,Resolved,Drivers reinstalled,Laptop F
INC0030,Camera not detected,Medium,Closed,2024-06-30,1,IT Support,Melissa Mitchell,Tokyo,Hardware,Reconnected camera,Resolved,Camera reconnected,Webcam G
INC0031,Disk full,High,Closed,2024-07-01,2,IT Support,Mark Perez,New York,Hardware,Freed up space,Resolved,Space freed,File Server
INC0032,Update failed,Medium,Closed,2024-07-02,1,IT Support,Stephanie Roberts,London,Software,Manual update,Resolved,Update applied,App Server
INC0033,Lost file,High,Closed,2024-07-03,2,IT Support,Charles Turner,Sydney,Data,Recovered file,Resolved,File recovered,Backup Server
INC0034,Projector remote missing,Low,Closed,2024-07-04,0,Facilities,Rebecca Phillips,Berlin,Facilities,Provided new remote,Resolved,Remote replaced,Projector X
INC0035,Application slow,Medium,Closed,2024-07-05,2,Development,Patrick Campbell,Paris,Software,Optimized code,Resolved,Code optimized,App Server
INC0036,Battery issue,Low,Closed,2024-07-06,1,IT Support,Kimberly Parker,Tokyo,Hardware,Replaced battery,Resolved,Battery replaced,Laptop H
INC0037,Login issue,High,Closed,2024-07-07,1,IT Support,Edward Evans,New York,Account,Reset credentials,Resolved,Credentials reset,User Account
INC0038,Network cable damaged,Medium,Closed,2024-07-08,1,Network,Angela Edwards,London,Network,Replaced cable,Resolved,Cable replaced,Switch 2
INC0039,Software conflict,High,Closed,2024-07-09,2,IT Support,Jason Collins,Sydney,Software,Uninstalled conflicting software,Resolved,Conflict resolved,Desktop PC
INC0040,Touchpad not working,Low,Closed,2024-07-10,1,IT Support,Deborah Stewart,Berlin,Hardware,Replaced touchpad,Resolved,Touchpad replaced,Laptop I
INC0041,System freeze,High,Closed,2024-07-11,2,IT Support,Gregory Morris,Paris,Hardware,Reinstalled OS,Resolved,OS reinstalled,Desktop PC
INC0042,Email spam,Medium,Closed,2024-07-12,1,IT Support,Sharon Rogers,Tokyo,Security,Updated spam filter,Resolved,Filter updated,Mail Server
INC0043,Scanner not working,Low,Closed,2024-07-13,1,Facilities,Raymond Reed,New York,Hardware,Repaired scanner,Resolved,Scanner repaired,Scanner J
INC0044,Database error,High,Closed,2024-07-14,3,Development,Janet Cook,London,Data,Restored database,Resolved,Database restored,DB Server
INC0045,Mobile device lost,Medium,Closed,2024-07-15,2,IT Support,Frank Morgan,Sydney,Hardware,Disabled device,Resolved,Device disabled,Mobile Device
INC0046,License key issue,Low,Closed,2024-07-16,1,IT Support,Carol Bell,Berlin,Software,Provided new key,Resolved,Key provided,MS Office
INC0047,Power supply failure,High,Closed,2024-07-17,3,Facilities,Peter Murphy,Paris,Hardware,Replaced power supply,Resolved,Power supply replaced,Desktop PC
INC0048,Web page not loading,Medium,Closed,2024-07-18,1,IT Support,Julie Bailey,Tokyo,Software,Cleared cache,Resolved,Cache cleared,Web Server
INC0049,Mouse pointer lag,Low,Closed,2024-07-19,1,IT Support,Harold Rivera,New York,Hardware,Updated drivers,Resolved,Drivers updated,Desktop PC
INC0050,Application license issue,Medium,Closed,2024-07-20,1,IT Support,Denise Cooper,London,Software,Renewed license,Resolved,License renewed,App Server
INC0051,Network loop detected,High,Closed,2024-07-21,2,Network,Phillip Cox,Sydney,Network,Removed loop,Resolved,Loop removed,Switch 3
INC0052,Monitor brightness issue,Low,Closed,2024-07-22,1,IT Support,Gloria Ward,Berlin,Hardware,Adjusted settings,Resolved,Settings adjusted,Monitor K
INC0053,Printer offline,Medium,Closed,2024-07-23,1,Facilities,Walter Torres,Paris,Hardware,Restarted printer,Resolved,Printer restarted,Printer B
INC0054,Software update required,Low,Closed,2024-07-24,1,IT Support,Teresa Peterson,Tokyo,Software,Updated software,Resolved,Software updated,MS Office
INC0055,Account permissions issue,High,Closed,2024-07-25,1,IT Support,Arthur Gray,New York,Account,Updated permissions,Resolved,Permissions updated,User Account
INC0056,Network latency,Medium,Closed,2024-07-26,2,Network,Janice Ramirez,London,Network,Optimized network,Resolved,Network optimized,Core Switch
INC0057,Laptop overheating,High,Closed,2024-07-27,2,IT Support,Henry James,Sydney,Hardware,Cleaned fan,Resolved,Fan cleaned,Laptop L
INC0058,Application error,Medium,Closed,2024-07-28,1,Development,Marie Watson,Berlin,Software,Fixed bug,Resolved,Bug fixed,App Server
INC0059,WiFi password reset,Low,Closed,2024-07-29,0,Network,Samuel Brooks,Paris,Network,Reset password,Resolved,Password reset,WiFi AP
INC0060,Screen flicker,Medium,Closed,2024-07-30,1,IT Support,Brenda Kelly,Tokyo,Hardware,Replaced screen,Resolved,Screen replaced,Laptop M
INC0061,Backup failed,High,Closed,2024-07-31,3,IT Support,Patrick Sanders,New York,Data,Fixed backup script,Resolved,Script fixed,Backup Server
INC0062,USB device not recognized,Medium,Closed,2024-08-01,1,IT Support,Janet Price,London,Hardware,Updated drivers,Resolved,Drivers updated,Laptop N
INC0063,Application not responding,High,Closed,2024-08-02,2,Development,George Bennett,Sydney,Software,Restarted application,Resolved,App restarted,App Server
INC0064,Network authentication issue,Medium,Closed,2024-08-03,1,Network,Betty Wood,Berlin,Network,Reset authentication,Resolved,Authentication reset,Core Switch
INC0065,Printer toner low,Low,Closed,2024-08-04,0,Facilities,Shirley Barnes,Paris,Hardware,Replaced toner,Resolved,Toner replaced,Printer C
INC0066,Mobile app crash,Medium,Closed,2024-08-05,1,Development,Willie Ross,Tokyo,Software,Updated app,Resolved,App updated,Mobile App
INC0067,Email delivery delay,High,Closed,2024-08-06,2,IT Support,Norma Henderson,New York,Software,Checked mail queue,Resolved,Queue cleared,Mail Server
INC0068,Keyboard keys stuck,Low,Closed,2024-08-07,1,IT Support,Juan Coleman,London,Hardware,Replaced keyboard,Resolved,Keyboard replaced,Keyboard O
INC0069,Network port issue,Medium,Closed,2024-08-08,1,Network,Jean Jenkins,Sydney,Network,Repaired port,Resolved,Port repaired,Switch 4
INC0070,Application license expired,High,Closed,2024-08-09,2,IT Support,Frances Perry,Berlin,Software,Renewed license,Resolved,License renewed,App Server
INC0071,Monitor not detected,Medium,Closed,2024-08-10,1,IT Support,Alfred Powell,Paris,Hardware,Reconnected monitor,Resolved,Monitor reconnected,Monitor P
INC0072,Account setup,Low,Closed,2024-08-11,0,IT Support,Lucille Long,Tokyo,Account,Created account,Resolved,Account created,User Account
INC0073,Network configuration change,High,Closed,2024-08-12,2,Network,Edith Patterson,New York,Network,Updated configuration,Resolved,Config updated,Core Switch
INC0074,Software compatibility issue,Medium,Closed,2024-08-13,1,IT Support,Oscar Hughes,London,Software,Updated software,Resolved,Software updated,Desktop PC
INC0075,Mouse double-click issue,Low,Closed,2024-08-14,1,IT Support,Marion Flores,Sydney,Hardware,Replaced mouse,Resolved,Mouse replaced,Mouse Q
INC0076,System update required,Medium,Closed,2024-08-15,1,IT Support,Ernest Washington,Berlin,Software,Updated system,Resolved,System updated,Desktop PC
INC0077,Network switch failure,High,Closed,2024-08-16,3,Network,Paul Butler,Paris,Network,Replaced switch,Resolved,Switch replaced,Switch 5
INC0078,Application settings lost,Medium,Closed,2024-08-17,1,Development,Judith Simmons,Tokyo,Software,Restored settings,Resolved,Settings restored,App Server
INC0079,Printer paper jam,Low,Closed,2024-08-18,1,Facilities,Wayne Foster,New York,Hardware,Removed jam,Resolved,Jam removed,Printer D
INC0080,Mobile device setup,Medium,Closed,2024-08-19,1,IT Support,Lois Bryant,London,Hardware,Configured device,Resolved,Device configured,Mobile Device
INC0081,Email account locked,High,Closed,2024-08-20,1,IT Support,Joe Alexander,Sydney,Account,Unlocked account,Resolved,Account unlocked,Mail Server
INC0082,Network cable unplugged,Low,Closed,2024-08-21,0,Network,Jeanette Russell,Berlin,Network,Plugged cable,Resolved,Cable plugged,Switch 6
INC0083,Application update failed,Medium,Closed,2024-08-22,1,Development,Clarence Griffin,Paris,Software,Manual update,Resolved,Update applied,App Server
INC0084,Monitor color issue,Low,Closed,2024-08-23,1,IT Support,Edna Diaz,Tokyo,Hardware,Adjusted color,Resolved,Color adjusted,Monitor R
INC0085,Account password expired,High,Closed,2024-08-24,1,IT Support,Clara Hayes,New York,Account,Reset password,Resolved,Password reset,User Account
INC0086,Network IP conflict,Medium,Closed,2024-08-25,1,Network,Victor Myers,London,Network,Changed IP,Resolved,IP changed,Core Switch
INC0087,Printer driver issue,Low,Closed,2024-08-26,1,IT Support,Beatrice Ford,Sydney,Hardware,Reinstalled driver,Resolved,Driver reinstalled,Printer E
INC0088,Application not launching,Medium,Closed,2024-08-27,1,Development,Leonard Hamilton,Berlin,Software,Reinstalled application,Resolved,App reinstalled,App Server
INC0089,Mobile device battery issue,Low,Closed,2024-08-28,1,IT Support,Ida Graham,Paris,Hardware,Replaced battery,Resolved,Battery replaced,Mobile Device
INC0090,Network firewall rule,High,Closed,2024-08-29,2,Network,Frederick Sullivan,Tokyo,Security,Updated rule,Resolved,Rule updated,Firewall
INC0091,Monitor display issue,Medium,Closed,2024-08-30,1,IT Support,Charlotte Wallace,New York,Hardware,Replaced monitor,Resolved,Monitor replaced,Monitor S
INC0092,Account creation failed,Low,Closed,2024-08-31,1,IT Support,Edwin West,London,Account,Manual creation,Resolved,Account created,User Account
INC0093,Network switch config,High,Closed,2024-09-01,2,Network,Agnes Stone,Sydney,Network,Updated config,Resolved,Config updated,Switch 7
INC0094,Application crash report,Medium,Closed,2024-09-02,1,Development,Harriet Wheeler,Berlin,Software,Analyzed crash,Resolved,Crash analyzed,App Server
INC0095,Printer not detected,Low,Closed,2024-09-03,1,IT Support,Willie Chapman,Paris,Hardware,Reconnected printer,Resolved,Printer reconnected,Printer F
INC0096,Mobile app update,Medium,Closed,2024-09-04,1,Development,Georgia Armstrong,Tokyo,Software,Updated app,Resolved,App updated,Mobile App
INC0097,Email sync issue,High,Closed,2024-09-05,2,IT Support,Marvin Hudson,New York,Software,Fixed sync,Resolved,Sync fixed,Mail Server
INC0098,Network cable replaced,Low,Closed,2024-09-06,1,Network,Viola Lane,London,Network,Replaced cable,Resolved,Cable replaced,Switch 8
INC0099,Application settings error,Medium,Closed,2024-09-07,1,Development,Oscar Riley,Sydney,Software,Restored settings,Resolved,Settings restored,App Server
INC0100,Monitor flicker,Low,Closed,2024-09-08,1,IT Support,Esther Boyd,Berlin,Hardware,Replaced monitor,Resolved,Monitor replaced,Monitor T
